Resolution,Complexity_N,Filtered_Energy,Compute_Time
64,4096,0.06498850882053375,0.014678955078125
128,16384,0.04356229305267334,0.0540308952331543
256,65536,0.0407085157930851,0.41759824752807617
512,262144,0.07332272827625275,1.3814098834991455
