{
    "efficiency_gain": 20.530167745958128,
    "max_alignment": 112.33139239506453
}
