{
    "pillar": 4,
    "mechanism": "Phononic Mirroring",
    "reference_material": "Al-Pd-Mn (r=7)",
    "phonon_velocity_ms": 120.0,
    "thermal_leakage_percent": 0.004,
    "gradient_temp_c": 1000,
    "fractal_pockets": [
        0.12090730728215658,
        0.5894745761204864,
        0.7947362554562678,
        0.5984976222943749,
        0.45642759180932535,
        0.11681763551283791,
        0.4072420661902375,
        0.797164032996403,
        0.3646872522745661,
        0.647764381888777,
        0.598085489488822,
        0.5814502758762562
    ],
    "localization_efficiency": 0.996,
    "bandgap_status": "Verified (99.6% containment)"
}