metric,quasi,cubic
Shannon_Entropy,4.711419105529785,5.914957523345947
Point_Count,10000.0,10000.0
