metric,quasi,cubic
Localization_IPR,0.00016478965699207038,0.00015914883988443762
Mirror_Strength_Percent,3.5443658127103235,0.0
